{
  "site_id": 6,
  "timestamp": "20251209_131933",
  "n_features": 58,
  "features": [
    "year",
    "month",
    "day",
    "hour",
    "O3_forecast",
    "NO2_forecast",
    "T_forecast",
    "q_forecast",
    "u_forecast",
    "v_forecast",
    "w_forecast",
    "blh_forecast",
    "NO2_forecast_per_blh",
    "O3_forecast_per_blh",
    "blh_delta_1h",
    "blh_rel_change",
    "sin_hour",
    "cos_hour",
    "wind_speed",
    "wind_dir_deg",
    "wind_sector",
    "SZA_deg",
    "cosSZA",
    "solar_elevation",
    "sunset_flag",
    "solar_declination_deg",
    "hour_angle_deg",
    "solar_time_hr",
    "EoT_min",
    "NO2_target_lag1",
    "NO2_target_lag2",
    "NO2_target_lag3",
    "NO2_target_lag6",
    "NO2_target_lag12",
    "O3_target_lag1",
    "O3_target_lag2",
    "O3_target_lag3",
    "O3_target_lag6",
    "O3_target_lag12",
    "NO2_roll3",
    "NO2_roll6",
    "NO2_roll12",
    "O3_roll3",
    "O3_roll6",
    "O3_roll12",
    "temp_roll3",
    "rh_roll3",
    "ws_roll3",
    "NO2_satellite_filled_smooth",
    "HCHO_satellite_filled_smooth",
    "ratio_satellite_smooth",
    "dayofweek",
    "season",
    "is_weekend",
    "hour_sin",
    "hour_cos",
    "month_sin",
    "month_cos"
  ],
  "O3_metrics": {
    "train_rmse": 7.353261517902251,
    "train_mae": 4.056698633468677,
    "train_bias": -0.005468667142818434,
    "train_r2": 0.9223436996996669,
    "val_rmse": 8.96360274105755,
    "val_mae": 4.818438224015826,
    "val_bias": 0.6285565861113819,
    "val_r2": 0.883118191176487,
    "best_iteration": 340,
    "training_history": {
      "iterations": [
        1,
        6,
        11,
        16,
        21,
        26,
        31,
        36,
        41,
        46,
        51,
        56,
        61,
        66,
        71,
        76,
        81,
        86,
        91,
        96,
        101,
        106,
        111,
        116,
        121,
        126,
        131,
        136,
        141,
        146,
        151,
        156,
        161,
        166,
        171,
        176,
        181,
        186,
        191,
        196,
        201,
        206,
        211,
        216,
        221,
        226,
        231,
        236,
        241,
        246,
        251,
        256,
        261,
        266,
        271,
        276,
        281,
        286,
        291,
        296,
        301,
        306,
        311,
        316,
        321,
        326,
        331,
        336
      ],
      "train_rmse": [
        25.4345474072814,
        21.005685738930104,
        17.879790303806413,
        15.474849040750515,
        13.68157127427658,
        12.486006041671015,
        11.467592456744743,
        10.643609350125598,
        10.08571805992175,
        9.700862302228991,
        9.445463881389532,
        9.226772205113942,
        9.059278850792063,
        8.933100886601936,
        8.82810666688407,
        8.740574990087907,
        8.666232406738354,
        8.59676622823836,
        8.538595419172513,
        8.484248255208708,
        8.433128715893709,
        8.395002380801666,
        8.351188894051862,
        8.307688796510684,
        8.27550329132407,
        8.241718239595263,
        8.212165240025033,
        8.176877100292886,
        8.152407037333598,
        8.12035539279252,
        8.090546933991247,
        8.05461390145934,
        8.02738057914099,
        8.008119516959034,
        7.9812883514937925,
        7.958569012033595,
        7.930435709657214,
        7.904226834184988,
        7.881892716423732,
        7.859342949803019,
        7.836074131839338,
        7.81602490520797,
        7.796687080351183,
        7.7789906111179485,
        7.76009188463067,
        7.738464242459237,
        7.719873464379442,
        7.699411586219486,
        7.683634716754759,
        7.6669094064105545,
        7.646239999375285,
        7.616906463508611,
        7.597831423240422,
        7.579800826833637,
        7.5658060690994615,
        7.547984309015749,
        7.5299798345545295,
        7.515638847943924,
        7.503374229975426,
        7.490108742602572,
        7.477731758300897,
        7.458198325847427,
        7.44056019520626,
        7.421485525312317,
        7.405589096107152,
        7.393477949277779,
        7.378242150239251,
        7.363666325423017
      ],
      "train_r2": [
        0.07089520731792787,
        0.3662902341205061,
        0.5408638223459229,
        0.656070431745875,
        0.7311632560212271,
        0.7760950196421461,
        0.8111307860360208,
        0.8372973880218311,
        0.8539066931909624,
        0.8648433706399257,
        0.8718663328798522,
        0.8777310255102985,
        0.8821298251459168,
        0.8853903596230867,
        0.8880686308277339,
        0.8902772513024207,
        0.8921357978591786,
        0.8938580880037815,
        0.8952896661211592,
        0.8966183622482934,
        0.897860405245227,
        0.898781867647042,
        0.8998356248011529,
        0.9008763897144765,
        0.9016429479147225,
        0.9024444012750436,
        0.9031427730152851,
        0.9039733865698721,
        0.9045472636832071,
        0.9052963438078845,
        0.9059903500609479,
        0.9068235570776727,
        0.9074525665812744,
        0.9078961541985515,
        0.9085123072317329,
        0.9090324191476624,
        0.9096744177467873,
        0.9102704556415538,
        0.9107768173558061,
        0.9112866146718628,
        0.9118111368490955,
        0.9122618361500935,
        0.9126954494983476,
        0.9130913173638298,
        0.9135130862942843,
        0.9139944984901476,
        0.914407238936741,
        0.9148603726800365,
        0.9152089345299322,
        0.9155776697584945,
        0.9160322485920049,
        0.9166752695971792,
        0.9170920877365768,
        0.9174851223421125,
        0.9177895392270348,
        0.9181763874975927,
        0.9185662754607533,
        0.9188761641702721,
        0.9191407168059307,
        0.9194263721896851,
        0.9196924389729345,
        0.9201114519845893,
        0.9204888671163868,
        0.9208960151073027,
        0.9212345252811368,
        0.9214919417208339,
        0.9218151726999844,
        0.9221237781012137
      ],