Site,Target,RMSE,MAE,Bias,R²
6,O3,13.008307984302288,7.8359552381583315,-0.17108551179239254,0.755727999577413
6,NO2,9.825149229639754,6.73122532828616,-0.0624874883773114,0.7229761099953276
