Site,Target,RMSE,MAE,Bias,R²
6,O3,8.96360274105755,4.818438224015826,0.6285565861113819,0.883118191176487
6,NO2,8.952911169916133,5.485958571004685,-1.4932139614532731,0.8203371786653773
