Site,Target,RMSE,MAE,Bias,R²
6,O3,2.699534998262297,1.3699375338224387,-0.012239631100975295,0.9893986872452337
6,NO2,4.117164609368781,1.9638274945609868,-0.39359955454238077,0.9620050282148556
