feature,importance
O3_roll3,0.22695804
O3_target_lag1,0.17669314
solar_time_hr,0.06080157
hour_angle_deg,0.056289908
O3_target_lag2,0.056100447
sin_hour,0.05095915
hour_sin,0.048313174
year,0.034812775
hour,0.019901128
SZA_deg,0.01939986
NO2_roll6,0.016191246
O3_target_lag3,0.015550673
solar_elevation,0.015293847
NO2_target_lag3,0.014773029
O3_roll6,0.014536935
cosSZA,0.0103319585
NO2_roll3,0.008367208
NO2_target_lag1,0.008263858
NO2_target_lag2,0.007676266
solar_declination_deg,0.0072941165
