feature,importance
NO2_target_lag1,0.27123806
NO2_roll3,0.1297548
NO2_roll6,0.058488548
cosSZA,0.045929376
hour_cos,0.034048107
O3_target_lag3,0.032927208
SZA_deg,0.030047903
NO2_target_lag3,0.027808333
O3_target_lag6,0.026391486
NO2_target_lag2,0.024045965
solar_time_hr,0.017087009
ratio_satellite_smooth,0.016337408
hour_sin,0.016160749
O3_roll6,0.015455501
O3_roll12,0.015340108
O3_target_lag2,0.014144006
sin_hour,0.014128894
month_cos,0.013146109
hour_angle_deg,0.011648711
hour,0.0094367685
