feature,importance
O3_roll3,0.28951454
year,0.1062848
O3_roll6,0.09090557
solar_time_hr,0.08968622
O3_target_lag1,0.07259188
sin_hour,0.047982935
hour_angle_deg,0.046109557
hour_sin,0.03525896
O3_target_lag2,0.026545957
O3_target_lag3,0.02121747
hour,0.016229236
NO2_roll6,0.0161737
SZA_deg,0.013896543
NO2_roll3,0.01065478
cosSZA,0.008980766
month,0.008693526
NO2_target_lag3,0.004888994
solar_declination_deg,0.0046584653
NO2_target_lag1,0.0042223777
solar_elevation,0.0041352776
