{
  "site_id": 1,
  "timestamp": "20251209_131933",
  "n_features": 58,
  "features": [
    "year",
    "month",
    "day",
    "hour",
    "O3_forecast",
    "NO2_forecast",
    "T_forecast",
    "q_forecast",
    "u_forecast",
    "v_forecast",
    "w_forecast",
    "blh_forecast",
    "NO2_forecast_per_blh",
    "O3_forecast_per_blh",
    "blh_delta_1h",
    "blh_rel_change",
    "sin_hour",
    "cos_hour",
    "wind_speed",
    "wind_dir_deg",
    "wind_sector",
    "SZA_deg",
    "cosSZA",
    "solar_elevation",
    "sunset_flag",
    "solar_declination_deg",
    "hour_angle_deg",
    "solar_time_hr",
    "EoT_min",
    "NO2_target_lag1",
    "NO2_target_lag2",
    "NO2_target_lag3",
    "NO2_target_lag6",
    "NO2_target_lag12",
    "O3_target_lag1",
    "O3_target_lag2",
    "O3_target_lag3",
    "O3_target_lag6",
    "O3_target_lag12",
    "NO2_roll3",
    "NO2_roll6",
    "NO2_roll12",
    "O3_roll3",
    "O3_roll6",
    "O3_roll12",
    "temp_roll3",
    "rh_roll3",
    "ws_roll3",
    "NO2_satellite_filled_smooth",
    "HCHO_satellite_filled_smooth",
    "ratio_satellite_smooth",
    "dayofweek",
    "season",
    "is_weekend",
    "hour_sin",
    "hour_cos",
    "month_sin",
    "month_cos"
  ],
  "O3_metrics": {
    "train_rmse": 8.066054051034126,
    "train_mae": 4.5309974743097765,
    "train_bias": 0.007226081486739653,
    "train_r2": 0.9342314013635784,
    "val_rmse": 9.581424855413593,
    "val_mae": 5.250041669573499,
    "val_bias": 1.4634907030151132,
    "val_r2": 0.9320396627618153,
    "best_iteration": 350,
    "training_history": {
      "iterations": [
        1,
        6,
        11,
        16,
        21,
        26,
        31,
        36,
        41,
        46,
        51,
        56,
        61,
        66,
        71,
        76,
        81,
        86,
        91,
        96,
        101,
        106,
        111,
        116,
        121,
        126,
        131,
        136,
        141,
        146,
        151,
        156,
        161,
        166,
        171,
        176,
        181,
        186,
        191,
        196,
        201,
        206,
        211,
        216,
        221,
        226,
        231,
        236,
        241,
        246,
        251,
        256,
        261,
        266,
        271,
        276,
        281,
        286,
        291,
        296,
        301,
        306,
        311,
        316,
        321,
        326,
        331,
        336,
        341,
        346
      ],
      "train_rmse": [
        30.255767539075848,
        24.792174519774033,
        20.953017340374444,
        17.968587655723606,
        15.773643394846513,
        14.27517498717167,
        13.030520231919699,
        12.063066686214379,
        11.380198971510533,
        10.917759177734474,
        10.595547102209062,
        10.336790549694703,
        10.1351339450131,
        9.977431914099249,
        9.835053343371886,
        9.730395364782131,
        9.649865972614924,
        9.578434241111607,
        9.503249697524733,
        9.443886192673954,
        9.395338539757615,
        9.343027011217416,
        9.281107113696075,
        9.239761452714948,
        9.204314357917545,
        9.166581198200971,
        9.128504029923734,
        9.083517091106927,
        9.0475061960786,
        9.014527727597898,
        8.977509996588308,
        8.951726837303676,
        8.922591433258084,
        8.88832482535821,
        8.851176567825926,
        8.815955343739942,
        8.789382430295115,
        8.752616440863,
        8.726762479900756,
        8.700359574399833,
        8.67125758874941,
        8.646673658645417,
        8.626506255425099,
        8.60665522162124,
        8.58277184229871,
        8.55684383448313,
        8.526777356275401,
        8.508274014987428,
        8.487163295783512,
        8.468370951420114,
        8.44402127983679,
        8.422582228007226,
        8.40328987973725,
        8.379904080909766,
        8.358232231762289,
        8.33679237363672,
        8.31704152330999,
        8.29904283732534,
        8.280526090863964,
        8.264159633311845,
        8.241589305617904,
        8.222221678236869,
        8.206699549138916,
        8.191407097617974,
        8.175015044023038,
        8.157912128847727,
        8.131265361146877,
        8.113358134687772,
        8.098186776731913,
        8.078661669496952
      ],
      "train_r2": [
        0.07463582520889833,
        0.3786653506403638,
        0.5561977729667359,
        0.6736194893480301,
        0.7484870397177442,
        0.7940037978343741,
        0.8283594718682767,
        0.8529002990750334,
        0.8690830005088158,
        0.8795065738686452,
        0.8865137866426954,
        0.8919890551300378,
        0.8961622383663962,
        0.8993685157964928,
        0.9022200587493366,
        0.9042900022288882,
        0.9058676512146087,
        0.907256095329948,
        0.9087063410690445,
        0.9098433383767447,
        0.9107678824046336,
        0.9117587724140089,
        0.9129245149728489,
        0.9136985981361709,
        0.9143594952841823,
        0.9150602238695559,
        0.9157644228836642,
        0.916592633741621,
        0.9172526468540756,
        0.9178547812956469,
        0.918528046981895,
        0.9189953453539467,
        0.9195217829100754,
        0.9201387382240779,
        0.9208048945999747,
        0.9214339180403138,
        0.9219068295316695,
        0.9225587906096577,
        0.9230156151420023,
        0.9234807444726566,
        0.9239917895442871,
        0.9244221611951347,
        0.924774303830842,
        0.9251201193018687,
        0.9255351244749506,
        0.9259843522092983,
        0.926503581072096,
        0.9268222134754289,
        0.9271849002385318,
        0.9275069987909056,
        0.9279232873570687,
        0.9282888228414203,
        0.9286169627171373,
        0.9290137183995297,
        0.9293804086826429,
        0.9297422392915519,
        0.930074742897151,
        0.930377062160693,
        0.9306873996534559,
        0.9309611215514626,
        0.9313377121137116,
        0.931660043892508,
        0.9319178283154588,
        0.9321713220043457,
        0.9324425181085967,
        0.93272489587573,
        0.9331636690055218,
        0.9334577278919968,
        0.9337063531183302,
        0.9340256419126979
      ],