Site,Target,RMSE,MAE,Bias,R²
1,O3,14.205921497433552,8.728536549943698,0.10535119102655577,0.8017314267740668
1,NO2,12.261547511811058,8.17311133820441,-0.0059674207214841365,0.8094225422510755
