Site,Target,RMSE,MAE,Bias,R²
1,O3,9.581424855413593,5.250041669573499,1.4634907030151132,0.9320396627618153
1,NO2,19.68526451772907,9.660569374762387,-4.677808529172078,0.7694171268869973
