feature,importance
NO2_target_lag1,0.29641312
NO2_roll3,0.13656858
NO2_target_lag2,0.09039134
NO2_roll6,0.04890801
SZA_deg,0.028157933
cosSZA,0.024640601
season,0.023824757
solar_elevation,0.021200161
NO2_target_lag3,0.015460736
sin_hour,0.015386847
hour_angle_deg,0.0140107265
hour_sin,0.013587753
q_forecast,0.01274699
month,0.012360334
hour,0.012276241
NO2_target_lag12,0.011977761
NO2_roll12,0.011969131
solar_time_hr,0.011891088
O3_target_lag1,0.011438596
cos_hour,0.011206553
