feature,importance
NO2_target_lag1,0.37265852
NO2_roll3,0.1551107
NO2_roll6,0.066317715
cosSZA,0.04104939
month_cos,0.036061086
SZA_deg,0.022854794
NO2_target_lag2,0.021828774
NO2_target_lag3,0.018824449
O3_target_lag3,0.013101667
O3_roll3,0.0130186165
sin_hour,0.01227248
solar_elevation,0.011493076
q_forecast,0.010957517
season,0.010895401
solar_time_hr,0.01036033
hour,0.009612063
NO2_target_lag12,0.009464931
hour_angle_deg,0.009416354
rh_roll3,0.008733765
cos_hour,0.00864622
