feature,importance
O3_roll3,0.22479162
O3_target_lag1,0.18580326
hour_sin,0.0656809
solar_time_hr,0.06279778
O3_target_lag2,0.06077678
sin_hour,0.055625744
hour_angle_deg,0.04270676
NO2_target_lag3,0.021756077
hour,0.019488223
O3_roll6,0.017222673
O3_target_lag3,0.014741337
SZA_deg,0.014314106
NO2_target_lag1,0.014011814
solar_elevation,0.012912362
NO2_target_lag2,0.01273793
NO2_roll6,0.012093325
cos_hour,0.011161608
cosSZA,0.010539041
month_cos,0.009451987
year,0.0083745355
