Site,Target,RMSE,MAE,Bias,R²
5,O3,8.819533360700405,4.954200528960813,1.3042530057571002,0.9181915757968063
5,NO2,12.404308379303805,7.885523162806476,-2.7211768075801706,0.8783090476634986
