Site,Target,RMSE,MAE,Bias,R²
5,O3,2.875091442329971,1.5260633757997444,0.22552837136498205,0.9913061901590592
5,NO2,5.846740987826987,3.533090834900185,-0.38588131053359415,0.9729640963181068
