Site,Target,RMSE,MAE,Bias,R²
5,O3,13.41206478504558,8.828271045632482,-0.008829223328801514,0.8182465358625133
5,NO2,15.612428031303436,10.778688169635814,-0.26932061921416794,0.8030740046303169
