feature,importance
NO2_target_lag1,0.3840541
NO2_roll3,0.12185561
NO2_target_lag2,0.09286745
cosSZA,0.022269279
NO2_roll6,0.021956712
hour_sin,0.020243574
SZA_deg,0.020191504
hour_cos,0.020047136
cos_hour,0.01981884
O3_target_lag6,0.017931141
solar_elevation,0.017241789
sin_hour,0.01630181
O3_target_lag3,0.014820596
NO2_target_lag3,0.013139414
solar_time_hr,0.01299819
O3_target_lag1,0.0122465575
O3_roll3,0.0120181395
NO2_roll12,0.011976493
O3_target_lag2,0.011912704
hour_angle_deg,0.009927753
