feature,importance
O3_roll3,0.18159114
O3_target_lag1,0.16271052
solar_time_hr,0.10582647
sin_hour,0.09781566
hour_sin,0.09484736
hour_angle_deg,0.064697646
O3_target_lag2,0.043777946
hour,0.02320392
NO2_target_lag1,0.01964942
NO2_roll6,0.017275298
SZA_deg,0.015795164
solar_elevation,0.013149779
O3_target_lag3,0.011417915
O3_roll6,0.009867644
cosSZA,0.008671538
NO2_target_lag2,0.008550633
month_cos,0.008283674
NO2_target_lag3,0.0077919853
NO2_target_lag12,0.006402724
season,0.005883281
