feature,importance
O3_roll3,0.29122642
hour_angle_deg,0.09903042
solar_time_hr,0.090702616
hour_sin,0.08682403
O3_target_lag1,0.08008914
sin_hour,0.07920176
O3_target_lag2,0.04900542
O3_roll6,0.034745205
O3_target_lag3,0.031030716
SZA_deg,0.015893428
NO2_target_lag1,0.0153770605
NO2_roll3,0.013538604
NO2_roll6,0.009355878
cosSZA,0.009071458
cos_hour,0.007829109
NO2_target_lag2,0.007472488
hour,0.006062581
month_cos,0.004856561
NO2_target_lag6,0.0047057285
O3_roll12,0.004164615
