{
  "timestamp": "20251209_011717",
  "n_sites": 7,
  "results": [
    {
      "site_id": 1,
      "o3_metrics": {
        "train_rmse": 4.477726930882909,
        "train_mae": 3.0095351448019154,
        "train_bias": -0.0029796750799317155,
        "train_r2": 0.9797128548959868,
        "val_rmse": 14.205921497433552,
        "val_mae": 8.728536549943698,
        "val_bias": 0.10535119102655577,
        "val_r2": 0.8017314267740668
      },
      "no2_metrics": {
        "train_rmse": 4.2012222838815765,
        "train_mae": 2.9658620446368698,
        "train_bias": -0.003110338489371281,
        "train_r2": 0.9780222732740348,
        "val_rmse": 12.261547511811058,
        "val_mae": 8.17311133820441,
        "val_bias": -0.0059674207214841365,
        "val_r2": 0.8094225422510755
      },
      "n_samples": 25081,
      "n_train": 20064,
      "n_val": 5017
    },
    {
      "site_id": 2,
      "o3_metrics": {
        "train_rmse": 4.651983988597447,
        "train_mae": 3.2174222463944724,
        "train_bias": 0.00159889753911054,
        "train_r2": 0.9759794424737832,
        "val_rmse": 14.055186109425726,
        "val_mae": 9.021385904864147,
        "val_bias": 0.21091045954424298,
        "val_r2": 0.7893345429565881
      },
      "no2_metrics": {
        "train_rmse": 4.156549733208325,
        "train_mae": 2.993369420300609,
        "train_bias": -0.005208606985301007,
        "train_r2": 0.9712308248037664,
        "val_rmse": 10.915255796825585,
        "val_mae": 7.614551063442304,
        "val_bias": 0.26879619039385694,
        "val_r2": 0.7935815182221102
      },
      "n_samples": 25969,
      "n_train": 20775,
      "n_val": 5194
    },
    {
      "site_id": 3,
      "o3_metrics": {
        "train_rmse": 5.555305220967749,
        "train_mae": 3.806886695986206,
        "train_bias": -0.0037105437430238757,
        "train_r2": 0.9809819588462387,
        "val_rmse": 16.72221894781704,
        "val_mae": 11.020120480867988,
        "val_bias": 0.41186513905581096,
        "val_r2": 0.8277440517048383
      },
      "no2_metrics": {
        "train_rmse": 5.411544320766791,
        "train_mae": 3.9421660630970567,
        "train_bias": -0.005099682119153819,
        "train_r2": 0.977181506559705,
        "val_rmse": 15.837030943171971,
        "val_mae": 11.214611443562674,
        "val_bias": -0.021067575052832736,
        "val_r2": 0.8014953181540492
      },
      "n_samples": 21913,
      "n_train": 17530,
      "n_val": 4383
    },
    {
      "site_id": 4,
      "o3_metrics": {
        "train_rmse": 5.137298760898429,
        "train_mae": 3.6988295086144096,
        "train_bias": -0.0013228840447340583,
        "train_r2": 0.9799926028910841,
        "val_rmse": 14.442192827843163,
        "val_mae": 10.193098641805955,
        "val_bias": -0.08087223593543134,
        "val_r2": 0.8432756491881721
      },
      "no2_metrics": {
        "train_rmse": 4.355147254977395,
        "train_mae": 3.1722790228338464,
        "train_bias": -0.004583315403515957,
        "train_r2": 0.9662741156631061,
        "val_rmse": 11.63072940171454,
        "val_mae": 8.428022278627797,
        "val_bias": -0.047921790866018915,
        "val_r2": 0.7449681643136755
      },
      "n_samples": 24505,
      "n_train": 19604,
      "n_val": 4901
    },
    {
      "site_id": 5,
      "o3_metrics": {
        "train_rmse": 4.515049431865167,
        "train_mae": 3.1582700285220153,
        "train_bias": -0.0027436858127740274,
        "train_r2": 0.9795984354481926,
        "val_rmse": 13.41206478504558,
        "val_mae": 8.828271045632482,
        "val_bias": -0.008829223328801514,
        "val_r2": 0.8182465358625133
      },
      "no2_metrics": {
        "train_rmse": 5.289473671431031,
        "train_mae": 3.793059982025262,
        "train_bias": -0.002449252124418295,
        "train_r2": 0.97642992172411,
        "val_rmse": 15.612428031303436,
        "val_mae": 10.778688169635814,
        "val_bias": -0.26932061921416794,
        "val_r2": 0.8030740046303169
      },
      "n_samples": 25081,
      "n_train": 20064,
      "n_val": 5017
    },
    {
      "site_id": 6,
      "o3_metrics": {
        "train_rmse": 4.389086818347775,
        "train_mae": 2.9500098319534014,
        "train_bias": -0.0034882636356099775,
        "train_r2": 0.9708097822810735,
        "val_rmse": 13.008307984302288,
        "val_mae": 7.8359552381583315,
        "val_bias": -0.17108551179239254,
        "val_r2": 0.755727999577413
      },
      "no2_metrics": {
        "train_rmse": 3.58414412702742,
        "train_mae": 2.5660130873503153,
        "train_bias": -0.0031563944986678313,
        "train_r2": 0.9615132210074643,
        "val_rmse": 9.825149229639754,
        "val_mae": 6.73122532828616,
        "val_bias": -0.0624874883773114,
        "val_r2": 0.7229761099953276
      },
      "n_samples": 26353,
      "n_train": 21082,
      "n_val": 5271
    },
    {
      "site_id": 7,
      "o3_metrics": {
        "train_rmse": 5.157490286084254,
        "train_mae": 3.6730300568562346,
        "train_bias": -0.005432032098334609,
        "train_r2": 0.9802359436507989,
        "val_rmse": 15.423616809631438,
        "val_mae": 10.660939711682184,
        "val_bias": -0.49769984069393985,
        "val_r2": 0.8273405392421787
      },
      "no2_metrics": {
        "train_rmse": 3.971680258821626,
        "train_mae": 2.849343088475156,
        "train_bias": -0.004295471481994012,
        "train_r2": 0.9718659072766185,
        "val_rmse": 11.6599056608777,
        "val_mae": 7.8767966048239595,
        "val_bias": 0.0837564760002392,
        "val_r2": 0.7544520749376754
      },
      "n_samples": 22777,
      "n_train": 18221,
      "n_val": 4556
    }
  ]
}