site,O3_train_rmse,O3_train_r2,O3_train_ria,O3_test_rmse,O3_test_r2,O3_test_ria,O3_baseline_rmse,O3_improvement,NO2_train_rmse,NO2_train_r2,NO2_train_ria,NO2_test_rmse,NO2_test_r2,NO2_test_ria,NO2_baseline_rmse,NO2_improvement
1,6.14905181302419,0.9640001903335496,0.9905978270839958,6.321110982584202,0.9369421727037195,0.9823114077974144,32.30617701431303,80.43373878690852,5.186124862191038,0.9681066841761095,0.9917230417636821,9.650849171659498,0.8584773535790944,0.9586780150103559,66.12512506710037,85.40517063390607
2,4.79770853851192,0.9764412179136038,0.9939420819180077,7.418319621784066,0.9212134234480176,0.978829279692937,35.768988186592715,79.26047115706596,4.861736750472184,0.963104631665959,0.9903879724992959,7.661939262151545,0.8690670159829984,0.9622754994187328,50.6373148567523,84.8689858776549
3,6.707777818283348,0.9737482515251493,0.9932189494931034,11.279854694413704,0.9054811322216595,0.9747472814800424,43.532460930323026,74.08863534623518,6.961360352165438,0.9641871494474096,0.990652628149004,9.822115550540465,0.8752156840526707,0.964960053200499,69.52562378852058,85.87266821162675
4,5.970211662566644,0.9737779676842623,0.9932409999415068,8.924314551711063,0.9340616115558753,0.9821481150309996,42.9009967327865,79.1978852908777,6.127089557011917,0.9360190911135258,0.9828166237209753,7.347045783367988,0.842245280539077,0.9551593855158771,69.71515689655249,89.46133651499922
5,5.316007591182167,0.9700582309929227,0.9922358064595626,8.927171339920752,0.9301736321335727,0.9811295401238496,42.01486073524171,78.75234813658987,5.431732267724961,0.97234405039829,0.9928730571320427,13.378520189762838,0.8849163919012153,0.9671559893546975,63.53657671080252,78.9435929942253
6,4.744271472564127,0.9523483140024311,0.9873706398246014,14.868578266947452,0.8130504973119655,0.9371552622883167,41.84969087156212,64.47147408429004,3.921402147091828,0.9454139041537147,0.9855022400158828,10.446389291589822,0.771851797254642,0.9285324109881647,56.96752538483612,81.6625538479674
7,6.927615733961007,0.9663042786185947,0.9912273429618077,9.04314678978168,0.9255048616915136,0.9795968821127362,39.6454582717235,77.18995520798012,5.657321624377082,0.9469889863202766,0.9858676597182412,7.374218970863076,0.8517793718073003,0.9558051138007145,67.02041399272329,88.99705547676305
