{
  "site_id": 7,
  "timestamp": "20251209_131933",
  "n_features": 58,
  "features": [
    "year",
    "month",
    "day",
    "hour",
    "O3_forecast",
    "NO2_forecast",
    "T_forecast",
    "q_forecast",
    "u_forecast",
    "v_forecast",
    "w_forecast",
    "blh_forecast",
    "NO2_forecast_per_blh",
    "O3_forecast_per_blh",
    "blh_delta_1h",
    "blh_rel_change",
    "sin_hour",
    "cos_hour",
    "wind_speed",
    "wind_dir_deg",
    "wind_sector",
    "SZA_deg",
    "cosSZA",
    "solar_elevation",
    "sunset_flag",
    "solar_declination_deg",
    "hour_angle_deg",
    "solar_time_hr",
    "EoT_min",
    "NO2_target_lag1",
    "NO2_target_lag2",
    "NO2_target_lag3",
    "NO2_target_lag6",
    "NO2_target_lag12",
    "O3_target_lag1",
    "O3_target_lag2",
    "O3_target_lag3",
    "O3_target_lag6",
    "O3_target_lag12",
    "NO2_roll3",
    "NO2_roll6",
    "NO2_roll12",
    "O3_roll3",
    "O3_roll6",
    "O3_roll12",
    "temp_roll3",
    "rh_roll3",
    "ws_roll3",
    "NO2_satellite_filled_smooth",
    "HCHO_satellite_filled_smooth",
    "ratio_satellite_smooth",
    "dayofweek",
    "season",
    "is_weekend",
    "hour_sin",
    "hour_cos",
    "month_sin",
    "month_cos"
  ],
  "O3_metrics": {
    "train_rmse": 9.524921285851264,
    "train_mae": 6.002234515919525,
    "train_bias": -0.005803829481393686,
    "train_r2": 0.9339917903643452,
    "val_rmse": 10.740287926602303,
    "val_mae": 6.548180201906499,
    "val_bias": 1.5028147686109312,
    "val_r2": 0.9293821306048642,
    "best_iteration": 320,
    "training_history": {
      "iterations": [
        1,
        6,
        11,
        16,
        21,
        26,
        31,
        36,
        41,
        46,
        51,
        56,
        61,
        66,
        71,
        76,
        81,
        86,
        91,
        96,
        101,
        106,
        111,
        116,
        121,
        126,
        131,
        136,
        141,
        146,
        151,
        156,
        161,
        166,
        171,
        176,
        181,
        186,
        191,
        196,
        201,
        206,
        211,
        216,
        221,
        226,
        231,
        236,
        241,
        246,
        251,
        256,
        261,
        266,
        271,
        276,
        281,
        286,
        291,
        296,
        301,
        306,
        311,
        316
      ],
      "train_rmse": [
        35.63598895892336,
        29.084597700400607,
        24.44824126177778,
        20.871316468313747,
        18.23567514682146,
        16.449122020409682,
        14.975060647929773,
        13.775139767921363,
        12.954126446158911,
        12.381033338223943,
        12.019205025526759,
        11.720722035115045,
        11.483999808266576,
        11.30963100968318,
        11.172176614946633,
        11.059370390652372,
        10.973230523749471,
        10.889986317367166,
        10.820443272945585,
        10.757210745247091,
        10.685085416278355,
        10.628753078602882,
        10.578635884836444,
        10.532802830140051,
        10.499871416315766,
        10.46198276007155,
        10.42771383071256,
        10.392583955810531,
        10.353960687220049,
        10.32396661216919,
        10.290116197585393,
        10.252778110809727,
        10.220816631435714,
        10.194181784107139,
        10.168594468736803,
        10.136916189139177,
        10.10904783407641,
        10.085828322857454,
        10.064059808727974,
        10.032674800256181,
        10.007805496610722,
        9.984554128050107,
        9.955702276902985,
        9.929893895910824,
        9.911851736823284,
        9.888031993440318,
        9.861268009641687,
        9.841860977577165,
        9.819992580559049,
        9.800496917615531,
        9.784264985849696,
        9.762795728915027,
        9.741029521708315,
        9.715618482933355,
        9.697249418557847,
        9.680327524247993,
        9.666309715325177,
        9.65000056488346,
        9.626708550544663,
        9.606899290084009,
        9.588791908660058,
        9.572258291572636,
        9.554183174037629,
        9.537085909792648
      ],
      "train_r2": [
        0.07604080009855385,
        0.38453794203531877,
        0.565119025739371,
        0.6830616087006426,
        0.7580537714571018,
        0.8031385828407326,
        0.8368405087181252,
        0.8619402156025195,
        0.8779068140519302,
        0.8884707071084471,
        0.8948942078500323,
        0.9000497474862658,
        0.9040463464105915,
        0.9069380744611097,
        0.9091864301615866,
        0.9110110731837016,
        0.912391918804791,
        0.9137160872733475,
        0.9148145802355543,
        0.9158072845990565,
        0.916932496352401,
        0.9178060601089886,
        0.9185793620671207,
        0.9192833606692246,
        0.9197873020651549,
        0.9203651506593268,
        0.9208859948579253,
        0.9214181505388871,
        0.9220011524277909,
        0.9224524028700963,
        0.92296009820305,
        0.9235181684320746,
        0.9239942661920812,
        0.9243898829913687,
        0.9247689682302824,
        0.9252369734170472,
        0.9256474845679887,
        0.9259886534641543,
        0.926307790045246,
        0.9267666951728216,
        0.9271293111314958,
        0.9274675221391094,
        0.9278861032093411,
        0.928259503403743,
        0.9285199649103635,
        0.9288631077027352,
        0.9292476796736928,
        0.9295258875919565,
        0.9298387234806261,
        0.9301170297620865,
        0.9303483233894455,
        0.9306536563144051,
        0.9309625277303485,
        0.931322248574272,
        0.9315816975127744,
        0.9318202717867937,
        0.9320175870980798,
        0.9322467955745498,
        0.9325734699770445,
        0.9328506769700456,
        0.9331035686651268,
        0.9333340641097643,
        0.9335855945022049,
        0.9338230797217888
      ],
      "val_rmse": [
        39.06386308819461,
        31.984234739941982,
        27.03089056233526,
        23.164310533213797,
        20.237366322918774,
        18.177932976658184,
        16.599961902898897,
        15.271959576391312,
        14.390651431146907,
        13.695708345552562,
        13.17325822439555,
        12.84154769526652,
        12.580309500776272,
        12.387285787807338,
        12.149929650439107,
        12.004850458463284,
        11.802020251627049,
        11.704835553665033,
        11.607358307878258,
        11.513642268860009,
        11.44319663513663,
        11.389123938462978,
        11.351783682964907,
        11.284584635848711,
        11.254007195321766,
        11.204889256820298,
        11.182615118101308,
        11.150446552710646,
        11.127708692857345,
        11.114830716020357,
        11.075112409884706,
        11.048094711914283,
        11.033645336544199,
        11.00817674741147,
        10.9814400473836,
        10.951103901730967,
        10.937950021213316,
        10.919100827951574,
        10.903345722179848,
        10.893768182967703,
        10.867959337900428,
        10.848160929920144,
        10.83318416588581,
        10.837421787287585,
        10.84309184863555,
        10.836788090953082,
        10.803293833684625,
        10.802653911736751,
        10.794766507393167,
        10.79289146858796,
        10.791246534216386,
        10.767890261455529,
        10.74781460722198,
        10.756044568109465,
        10.753169215443885,
        10.738624597693743,
        10.745061913987003,
        10.748523619385798,
        10.74776233283467,
        10.746155431007093,
        10.740254857781052,
        10.745588705425416,
        10.739105840636029,
        10.739231544459631
      ],