Site,Target,RMSE,MAE,Bias,R²
7,O3,10.740287926602303,6.548180201906499,1.5028147686109312,0.9293821306048642
7,NO2,12.210657100484248,7.450833090146383,-1.7050681004485462,0.8167182681757152
