Site,Target,RMSE,MAE,Bias,R²
7,O3,15.423616809631438,10.660939711682184,-0.49769984069393985,0.8273405392421787
7,NO2,11.6599056608777,7.8767966048239595,0.0837564760002392,0.7544520749376754
