feature,importance
NO2_target_lag1,0.30647776
NO2_roll3,0.121197365
NO2_target_lag2,0.0814362
O3_target_lag6,0.029401219
NO2_roll6,0.026486268
O3_target_lag1,0.020748634
sin_hour,0.020689286
O3_target_lag3,0.018610194
NO2_target_lag3,0.017854726
solar_elevation,0.017645774
NO2_target_lag12,0.017610742
SZA_deg,0.016464205
solar_time_hr,0.016344009
hour_sin,0.015903872
month_sin,0.015902016
cosSZA,0.015648128
hour_angle_deg,0.015428954
O3_roll3,0.01332274
season,0.012865848
O3_roll6,0.011096485
