feature,importance
O3_roll3,0.23134321
O3_target_lag1,0.18077421
hour_sin,0.08019384
solar_time_hr,0.07509328
sin_hour,0.07411389
O3_target_lag2,0.060209468
hour_angle_deg,0.05296395
hour,0.022039907
NO2_target_lag3,0.016389355
NO2_roll6,0.015111017
O3_target_lag3,0.014355682
O3_roll6,0.014254204
NO2_roll3,0.011957427
SZA_deg,0.011637201
season,0.011294673
NO2_target_lag1,0.010778262
NO2_target_lag2,0.008807444
solar_elevation,0.0083810305
cosSZA,0.0063874098
month_cos,0.0054835165
