Site,Target,RMSE,MAE,Bias,R²
3,O3,4.486246522965609,2.251927331296558,0.2563490542916187,0.9891441364343586
3,NO2,10.711216223282985,4.833258512652281,-1.7034198661825874,0.94310135881781
