Site,Target,RMSE,MAE,Bias,R²
1,O3,3.777275344580537,1.798273328099863,0.5746583707816151,0.9894378430349123
1,NO2,15.262015547864536,6.284776176889259,-2.8148868646583405,0.8613983757545235
