feature,importance
O3_roll3,0.3254139
O3_roll6,0.119558185
solar_time_hr,0.1051129
O3_target_lag1,0.08296996
hour_angle_deg,0.048504088
hour_sin,0.03848746
sin_hour,0.037003998
O3_target_lag2,0.02495168
O3_target_lag3,0.022341434
cosSZA,0.01514413
NO2_target_lag1,0.014746904
hour,0.013108132
SZA_deg,0.012299481
hour_cos,0.010655246
NO2_roll3,0.010473153
cos_hour,0.00995636
NO2_target_lag3,0.009818323
solar_elevation,0.009511405
NO2_roll6,0.007459439
NO2_target_lag2,0.0054609
