feature,importance
NO2_target_lag1,0.3055734
NO2_roll3,0.15420745
NO2_roll6,0.069210075
cosSZA,0.03736969
SZA_deg,0.032661755
O3_target_lag3,0.031145178
O3_target_lag6,0.02819151
NO2_target_lag2,0.027664438
NO2_target_lag3,0.02721939
sin_hour,0.024562655
solar_time_hr,0.022661937
hour_sin,0.016199348
hour,0.015667787
hour_angle_deg,0.015441095
O3_roll3,0.014260261
O3_target_lag2,0.011215944
month,0.01078885
solar_declination_deg,0.008977361
solar_elevation,0.008451222
cos_hour,0.008081845
