Site,Target,RMSE,MAE,Bias,R²
2,O3,8.998562103686195,4.7584710293955075,1.064488891921656,0.9171169658371512
2,NO2,9.91592608005729,6.322188698700051,-0.9619204353507046,0.8658798789933164
