Site,Target,RMSE,MAE,Bias,R²
2,O3,14.055186109425726,9.021385904864147,0.21091045954424298,0.7893345429565881
2,NO2,10.915255796825585,7.614551063442304,0.26879619039385694,0.7935815182221102
