feature,importance
O3_roll3,0.22378848
O3_target_lag1,0.18695498
hour_sin,0.079886906
sin_hour,0.07359395
solar_time_hr,0.068066694
O3_target_lag2,0.050430004
hour_angle_deg,0.04888352
hour,0.018797832
solar_elevation,0.018390596
NO2_target_lag1,0.017647142
O3_target_lag3,0.016525455
NO2_target_lag3,0.014053344
month_cos,0.013930993
SZA_deg,0.013643961
NO2_roll6,0.012392049
NO2_target_lag2,0.009473739
O3_roll6,0.009315318
NO2_roll3,0.0068005812
hour_cos,0.006781426
cosSZA,0.006463086
