feature,importance
O3_roll3,0.30602962
solar_time_hr,0.11447833
O3_roll6,0.085388474
O3_target_lag1,0.07976921
sin_hour,0.0664554
hour_sin,0.057033792
hour_angle_deg,0.051261697
O3_target_lag2,0.036538076
NO2_roll6,0.023332726
O3_target_lag3,0.022948049
NO2_roll3,0.012682056
SZA_deg,0.012673189
cosSZA,0.012439312
hour,0.008578241
NO2_target_lag1,0.008384291
NO2_target_lag3,0.0074730106
NO2_target_lag2,0.0070787286
cos_hour,0.0067065046
O3_roll12,0.0066626244
year,0.006434439
