Site,Target,RMSE,MAE,Bias,R²
7,O3,4.393005320901452,2.1745351353360385,0.3544396471734939,0.9881857482582336
7,NO2,5.684700752030737,2.740665653866481,-0.40852533165032295,0.9602756934522758
