feature,importance
O3_roll3,0.3140309
O3_roll6,0.11547357
solar_time_hr,0.098924324
O3_target_lag1,0.08229058
sin_hour,0.07191159
hour_angle_deg,0.05879612
hour_sin,0.056152463
O3_target_lag3,0.02635507
O3_target_lag2,0.025119776
SZA_deg,0.017979313
hour,0.013659369
NO2_target_lag1,0.0109204985
NO2_roll6,0.009188353
NO2_roll3,0.009085365
cosSZA,0.008220981
NO2_target_lag2,0.007197851
month,0.006663423
NO2_target_lag3,0.005474065
O3_target_lag6,0.0041560708
solar_elevation,0.003850412
