Site,Target,RMSE,MAE,Bias,R²
3,O3,13.169987484802995,7.094229854717568,0.8516248019448849,0.9064446061105171
3,NO2,16.803808309580077,9.670588586149792,-1.9106915969920881,0.8599639798290775
