Site,Target,RMSE,MAE,Bias,R²
3,O3,16.72221894781704,11.020120480867988,0.41186513905581096,0.8277440517048383
3,NO2,15.837030943171971,11.214611443562674,-0.021067575052832736,0.8014953181540492
