feature,importance
NO2_target_lag1,0.34212756
NO2_roll3,0.15413886
NO2_roll6,0.08086866
cos_hour,0.04228958
cosSZA,0.03959367
NO2_target_lag3,0.02832966
NO2_target_lag2,0.024832787
O3_target_lag3,0.023381947
SZA_deg,0.021360522
solar_time_hr,0.015898615
O3_target_lag6,0.015371437
hour_angle_deg,0.014924556
sin_hour,0.013994587
O3_target_lag2,0.012894341
O3_roll3,0.011867691
hour,0.011766851
O3_roll12,0.01109858
hour_sin,0.0110382475
hour_cos,0.007814394
NO2_roll12,0.0074608545
