feature,importance
NO2_target_lag1,0.32335144
NO2_roll3,0.12516195
NO2_target_lag2,0.07774673
NO2_roll6,0.03441999
hour_cos,0.025871545
season,0.02468034
cosSZA,0.023365855
SZA_deg,0.022992613
solar_elevation,0.022838118
O3_target_lag6,0.020662481
solar_time_hr,0.019596916
O3_target_lag3,0.018968021
cos_hour,0.018408542
NO2_target_lag3,0.016398959
hour_angle_deg,0.015799759
NO2_target_lag12,0.014548393
sin_hour,0.013775099
O3_roll6,0.012451396
hour_sin,0.011564537
O3_roll3,0.011175104
