feature,importance
O3_roll3,0.28715217
solar_time_hr,0.13707559
O3_roll6,0.09807532
hour_angle_deg,0.09072298
O3_target_lag1,0.07536654
sin_hour,0.06460502
hour_sin,0.055364784
O3_target_lag2,0.024087064
O3_target_lag3,0.022727208
SZA_deg,0.013968728
NO2_target_lag1,0.012254962
cosSZA,0.009925955
hour,0.009443413
NO2_roll3,0.008210794
cos_hour,0.00817269
NO2_roll6,0.0070846975
month_cos,0.0068809143
solar_declination_deg,0.0048757386
O3_roll12,0.0048516653
NO2_target_lag3,0.004507402
