Site,Target,RMSE,MAE,Bias,R²
2,O3,3.6475488999696966,1.574526084529029,0.25916701871585224,0.9863817390932816
2,NO2,5.238617780301657,2.7488677237002683,-0.2918422530133739,0.9625664684945919
