feature,importance
NO2_target_lag1,0.32233095
NO2_roll3,0.14607641
NO2_roll6,0.080573626
SZA_deg,0.046788484
cosSZA,0.03800964
cos_hour,0.030498432
solar_time_hr,0.023136484
NO2_target_lag2,0.020784784
hour_sin,0.01915857
O3_target_lag2,0.018609393
NO2_target_lag3,0.017066332
hour_angle_deg,0.015973495
O3_roll6,0.014874854
O3_target_lag3,0.0118659455
O3_target_lag6,0.011214254
NO2_roll12,0.010623384
sin_hour,0.010031214
O3_target_lag1,0.0099134585
O3_roll3,0.009034193
hour,0.0089429105
