{
  "site_id": 4,
  "timestamp": "20251209_131933",
  "n_features": 58,
  "features": [
    "year",
    "month",
    "day",
    "hour",
    "O3_forecast",
    "NO2_forecast",
    "T_forecast",
    "q_forecast",
    "u_forecast",
    "v_forecast",
    "w_forecast",
    "blh_forecast",
    "NO2_forecast_per_blh",
    "O3_forecast_per_blh",
    "blh_delta_1h",
    "blh_rel_change",
    "sin_hour",
    "cos_hour",
    "wind_speed",
    "wind_dir_deg",
    "wind_sector",
    "SZA_deg",
    "cosSZA",
    "solar_elevation",
    "sunset_flag",
    "solar_declination_deg",
    "hour_angle_deg",
    "solar_time_hr",
    "EoT_min",
    "NO2_target_lag1",
    "NO2_target_lag2",
    "NO2_target_lag3",
    "NO2_target_lag6",
    "NO2_target_lag12",
    "O3_target_lag1",
    "O3_target_lag2",
    "O3_target_lag3",
    "O3_target_lag6",
    "O3_target_lag12",
    "NO2_roll3",
    "NO2_roll6",
    "NO2_roll12",
    "O3_roll3",
    "O3_roll6",
    "O3_roll12",
    "temp_roll3",
    "rh_roll3",
    "ws_roll3",
    "NO2_satellite_filled_smooth",
    "HCHO_satellite_filled_smooth",
    "ratio_satellite_smooth",
    "dayofweek",
    "season",
    "is_weekend",
    "hour_sin",
    "hour_cos",
    "month_sin",
    "month_cos"
  ],
  "O3_metrics": {
    "train_rmse": 7.80978922176891,
    "train_mae": 5.202633100978584,
    "train_bias": -0.011025757697526246,
    "train_r2": 0.9534801438146923,
    "val_rmse": 9.531223305371997,
    "val_mae": 6.148777083875531,
    "val_bias": 0.48391950389386235,
    "val_r2": 0.9416923382813406,
    "best_iteration": 440,
    "training_history": {
      "iterations": [
        1,
        6,
        11,
        16,
        21,
        26,
        31,
        36,
        41,
        46,
        51,
        56,
        61,
        66,
        71,
        76,
        81,
        86,
        91,
        96,
        101,
        106,
        111,
        116,
        121,
        126,
        131,
        136,
        141,
        146,
        151,
        156,
        161,
        166,
        171,
        176,
        181,
        186,
        191,
        196,
        201,
        206,
        211,
        216,
        221,
        226,
        231,
        236,
        241,
        246,
        251,
        256,
        261,
        266,
        271,
        276,
        281,
        286,
        291,
        296,
        301,
        306,
        311,
        316,
        321,
        326,
        331,
        336,
        341,
        346,
        351,
        356,
        361,
        366,
        371,
        376,
        381,
        386,
        391,
        396,
        401,
        406,
        411,
        416,
        421,
        426,
        431,
        436
      ],
      "train_rmse": [
        34.76794124210715,
        28.23295571095164,
        23.52702741766332,
        19.896272423904872,
        17.153006851590785,
        15.273215908353768,
        13.736954506941728,
        12.515929823053474,
        11.648136102059611,
        11.059647766287585,
        10.649802444836455,
        10.328721271064584,
        10.082716388019245,
        9.901080936128752,
        9.737349589841221,
        9.618251048251706,
        9.517602579580727,
        9.439556771814349,
        9.361415473453969,
        9.298209229096651,
        9.23473164947674,
        9.183487405388831,
        9.139883107947732,
        9.094842767867528,
        9.060119561905376,
        9.017856120398433,
        8.985037106520505,
        8.951378362612527,
        8.917120654156903,
        8.887793812093019,
        8.852471488052888,
        8.820848306771738,
        8.798036040548789,
        8.770960071227606,
        8.742653462157264,
        8.715932779393649,
        8.691338570350984,
        8.667375553971421,
        8.64605988548616,
        8.619248130752204,
        8.597854251777596,
        8.574558531313105,
        8.547442378020783,
        8.5312575915723,
        8.511562368477273,
        8.488065540678917,
        8.465773437748716,
        8.442286313522292,
        8.422366605782484,
        8.402737930398711,
        8.376845497330041,
        8.359259648532365,
        8.342807918775074,
        8.325314297689623,
        8.308735993367382,
        8.288830344185348,
        8.272860071183038,
        8.2518305338675,
        8.237617467514433,
        8.222373702656862,
        8.207588556172237,
        8.191562322742701,
        8.177886230299585,
        8.164194178905113,
        8.150295907819354,
        8.133103739075024,
        8.115894934821737,
        8.100337145953041,
        8.08506085858733,
        8.070124334961433,
        8.057264324128315,
        8.043618345290334,
        8.030510338242989,
        8.01663542242535,
        8.001822969979886,
        7.984067214056251,
        7.967745847105388,
        7.956946832713413,
        7.946648010279438,
        7.933753824911671,
        7.92235729996247,
        7.911610106304805,
        7.8964732114697505,
        7.882237994659821,
        7.870991749591991,
        7.85692374121805,
        7.840703505562614,
        7.823121283672511
      ],
      "train_r2": [
        0.07802809366677321,
        0.39204360453913334,
        0.5778236946209001,
        0.6980721494655842,
        0.7755910054644162,
        0.8220816591258407,
        0.8560735353555997,
        0.8805225413140739,
        0.8965161421587425,
        0.9067084456966562,
        0.9134946752266493,
        0.9186321476388438,
        0.9224619561526167,
        0.925230416916742,
        0.9276828566696373,
        0.9294410751230591,
        0.9309100512899061,
        0.9320385019588122,
        0.933159024684412,
        0.9340585691338783,
        0.9349558417979204,
        0.9356757091254363,
        0.9362850978224687,
        0.9369115106429735,
        0.9373923222090356,
        0.9379750616248761,
        0.9384256993760833,
        0.9388861608481526,
        0.9393530417610058,
        0.9397513001473494,
        0.9402292354582623,
        0.9406555041453704,
        0.9409620578534613,
        0.9413248774180238,
        0.9417029919308979,
        0.9420588004656498,
        0.9423853306225961,
        0.9427025931453515,
        0.9429840695186821,
        0.94333713829006,
        0.9436180755448879,
        0.9439231931053813,
        0.9442773064831003,
        0.9444881311973068,
        0.9447441442442718,
        0.9450487992984179,
        0.9453370556141033,
        0.9456399445130272,
        0.9458961686904713,
        0.9461480572841549,
        0.9464794277320274,
        0.9467039076361464,
        0.9469134836331965,
        0.9471358792017752,
        0.9473462075714401,
        0.947598195941047,
        0.9477999288449335,
        0.9480649757834403,
        0.9482437289066987,
        0.9484351023083775,
        0.9486203794897696,
        0.9488208324912026,
        0.9489915805656501,
        0.949162242082522,
        0.9493351815113982,
        0.9495486999991443,
        0.9497619735675988,
        0.9499543968250588,
        0.950142979130363,
        0.9503270229375969,
        0.9504852078740644,
        0.9506527847602572,
        0.9508134877086301,
        0.9509833073392876,
        0.9511642776884368,
        0.9513807666361088,
        0.9515793424349342,
        0.9517105065149918,
        0.9518354295742729,
        0.9519916058760562,
        0.9521294311499274,
        0.9522592221440819,
        0.9524417275561088,
        0.9526130425405852,
        0.9527481679078981,
        0.9529169255787792,
        0.9531111263317494,
        0.9533211805033629
      ],