Site,Target,RMSE,MAE,Bias,R²
4,O3,3.4195175245724942,2.137626279890219,0.14898562624190856,0.9924948737254986
4,NO2,4.051428758914618,2.220779567029741,-0.41049649265077376,0.9779605142740903
