Site,Target,RMSE,MAE,Bias,R²
4,O3,9.531223305371997,6.148777083875531,0.48391950389386235,0.9416923382813406
4,NO2,9.610242466189934,6.352226916439513,-1.1603163562065515,0.875990849265814
