Site,Target,RMSE,MAE,Bias,R²
4,O3,14.442192827843163,10.193098641805955,-0.08087223593543134,0.8432756491881721
4,NO2,11.63072940171454,8.428022278627797,-0.047921790866018915,0.7449681643136755
