feature,importance
O3_roll3,0.24607463
O3_target_lag1,0.20205705
solar_time_hr,0.0757275
O3_target_lag2,0.066907376
sin_hour,0.060544584
hour_angle_deg,0.054799628
hour_sin,0.048700955
O3_target_lag3,0.0218235
hour,0.019245364
SZA_deg,0.017163033
cosSZA,0.013788794
O3_roll6,0.013569811
NO2_roll6,0.013431616
month_cos,0.012225213
solar_elevation,0.010989926
NO2_roll3,0.009318355
NO2_target_lag3,0.008640087
NO2_target_lag1,0.008627534
month_sin,0.008100974
NO2_target_lag2,0.007406755
