feature,importance
O3_roll3,0.33574426
solar_time_hr,0.104424484
O3_target_lag1,0.08878358
O3_roll6,0.08676805
hour_angle_deg,0.0665738
hour_sin,0.04213762
sin_hour,0.041684907
O3_target_lag2,0.03991683
O3_target_lag3,0.030898938
SZA_deg,0.017259682
NO2_roll6,0.01629565
NO2_roll3,0.012308565
NO2_target_lag1,0.009732783
cosSZA,0.009109459
season,0.0075385883
month_cos,0.0075176843
NO2_target_lag2,0.0063810116
hour,0.0062036356
NO2_target_lag3,0.0055623343
O3_target_lag6,0.005515268
